HNUM_PK,CNUM,CNAME,HTITLE,HDATE,HSTATE,HCARR,HEDU,HSALARY,HTYPE,HDAY,HLEV,HPOS,HPART,HQF,HPER,HHEAL,HSTEP,HAPP,HDOC,HNOTIC
1,1,(주)지디텍,"머신비전 검사장비 개발자 모집(제어시스템, 광학검토 및 응용, C++및 MFC S/W 개발자, 기구설계)",2024.02.04,경기 안양시 동안구,신입·경력,"대졸(2,3년제) 이상",면접 후 결정,정규직 수습기간 3개월,"주 5일(월~금)
유연근무제 
09:30~18:00",면접 후 결정,,"비전 검사 장비 
제어 S/W개발 
검사 S/W개발",초대졸 이상,"관련학과 전공자(신입)
동종업계 근무경험자(경력)","급여제도: 퇴직연금,휴일(특근)수당,4대보험
출퇴근: 통근버스 운행
교육/생활: 구내식당(사원식당),점심식사제공,저녁식사제공
리프레시: 연차,반차,근로자의날휴무,휴가비지원,산전후휴가,남성출산휴가",0,입사지원,"이력서,자기소개서","입사지원 서류에 허위사실이 발견될 경우, 채용확정 이후라도 채용이 취소될 수 있습니다."
2,2,(주)에스에스티랩,보안검색장비 소프트웨어 설계 사원 채용,상시채용,경기고 성남시 분당구,신입·경력 10년↓,학력무관,회사내규에 따름,정규직,0,개발자,,"X-ray Generator 및 관련기기 제어 S/W 개발
X-ray 영상의 획득과, 이미지데이터의 자동판독을 위한 학습 툴 개발
엑스선 영상에 대한 분석 및 후처리 기술 연구 및 구현
다양한 물리구조에 적합합 3D 영상재구성 알고리즘 연구 개발
2D/3D Viewer 개발","경력 무관
공학계열
Visual Studio C++/MFC 등 응용프로그램 개발 경험자
상기 요건과 동등한 자격이 있다고 판단되는 분 지원가능","산업용 보안검색장비 소프트웨어 개발 경험자
X-ray,CT S/W 경험자
서버구축, 클라우드 플랫폼 활용 및 운용 경험자
GUI 설계 경력자
DSP 경험자(F/W 연동, GUI 연동 등)
Tool: C++/MFC 능숙자, C# 능숙자, MATLAB 능숙자
영어 또는 중국어 가능자",0,서류전형 > 면접전형 > 최종합격,"사람인 입사지원,점핏에서 지원",0,"입사지원 서류에 허위사실이 발견될 경우, 채용확정 이후라도 채용이 취소될 수 있습니다."
3,3,(주)나이콤,[신입/경력] SW개발자(Java/.NET/C#/C/C++) 인재 모집,2024.01.26,경기 안양시 동안구,신입·경력 10년↓,"대졸(2,3년제) 이상",면접 후 결정,정규직,"주 5일(월~금)
09:00~18:00",팀원,,"C/C++ 기반의 소프트웨어 개발
Windows 또는 Android APP개발
장치제어 및 GUI 개발","초대졸 이상
C, C++, C#, .NET 사용 가능 자","1개 이상 언어 능통자
관련학과 졸업자
개발에 대한 전문 지식 및 알고리즘 이해도가 높은 분
유관 부서와 원만한 소통 가능자","지원금/보험: 건강검진,직원대출제도,단체상해보험,복지카드/포인트
급여제도: 퇴직연금,장기근속자포상,우수사원포상,퇴직금
선물: 창립일선물지급,장기근속선물
교육/생활: 워크샵,교육비지원,사우회(경조사회),간식제공,음료제공(차,커피)
근무환경:휴게실,회의실,카페테리아,사원증,안마실/안마의자
조직문화: 자유복장
출퇴근: 회사차량있음,주40시간제시행
리프레시: 연차,반차,근로자의날휴무,산전후휴가,육아휴직",서류전형 > 면접전형 > 최종합격,사람인 입사지원,사람인 이력서,지원서 내용이 사실과 다른 것으로 판명될 경우 합격 또는 채용이 취소될 수 있습니다.
4,4,주식회사 넥스버,임베디드 리눅스 C/C++ SW 개발/ 기술지원,2024.01.25,경기 안양시 동안구,신입·경력,"대졸(2,3년제) 이상",면접 후 결정,정규직 수습기간 3개월,"주 5일(월~금)
09:00~18:00",면접 후 결정,,"임베디드 S/W (Linux기반)관련 개발 및 프로젝트 진행
임베디드 카메라 관련 S/W 개발 및 기술 지원
Nvidia Jetson기반 H/W 인터페이스 기반 S/W구현",경력 무관,"임베디드(Linux OS) 관련 S/W 개발 및 프로젝트 진행 경험자
임베디드 카메라 관련 SW 개발 및 기술지원 경험자
Nvidia Jetson 기반 H/W 인터페이스 기반 S/W 구현 경험자
gcc,g++ 컴파일 환경 개발
컴파일러에 대한 이해 및 makefile 작성
Qt framework 사용","지원금/보험: 건강검진
급여제도: 퇴직연금,인센티브제,우수사원포상,4대보험
교육/생활: 점심식사제공
근무환경: 사원증
출퇴근:차량유류비지급,주차장제공,주차비지원
리프레시: 연차",서류전형 > 면접전형 > 최종합격,입사지원,사람인 이력서,"입사지원 서류에 허위사실이 발견될 경우, 채용확정 이후라도 채용이 취소될 수 있습니다."
5,5,보은전자방송통신(주),"S/W 개발자 신입 채용(윈도우,C#/WPF,C/C++,연봉 3700만)",2024.01.23,서울 강서구,신입,학력무관,"연봉 3,700만원(주40시간)",정규직 수습기간 3개월,"주 5일(월~금)
09:00~18:00","연구원,사원/팀원",,"PC기반의 S/W제품 개발(영상 녹화, 스트리밍, 미러링, AI영상분석 등)
모바일 영상처리 앱 개발(녹화, 스트리밍)","C, C++, C#, WPF 윈도우 프로그래밍","안드로이드, ios 앱 개발","지원금/보험: 건강검진,각종경조사지원
급여제도: 퇴직연금,인센티브제,장기근속자포상,우수사원포상,퇴직금,성과급,직책수당,장기근속수당,4대보험
선물: 명절선물/귀향비
교육/생활: 우수사원시상식,신규입사자교육(OJT),도서구입비지원,점심식사제공,저녁식사제공,식사비지원,음료제공(차,커피)
근무환경: 회의실,사무용품지급
조직문화: 회식강요안함,야근강요안함,자유복장,자유로운연차사용
출퇴근: 주차장제공
리프레시: 연차,여름휴가,경조휴가제,반차,근로자의날휴무,산전후휴가,육아휴직",서류전형 > 면접전형 > 최종합격,사람인 입사지원,사람인 이력서,"입사지원 서류에 허위사실이 발견될 경우, 채용확정 이후라도 채용이 취소될 수 있습니다."
6,6,인텔릭스(주),소프트웨어(S/W) 개발자 모집,2024.03.02,경기 성남시 분당구,신입·경력 15년↓,대졸(4년제) 이상,면접 후 결정,정규직 수습기간 3개월,"주 5일(월~금)
08:30~17:30",팀원,,GUI소프트웨어 개발(C# WPE /C++ Qt,"C, C++, C#, Java 중 1개 이상 언어 능통
임베디드 리눅스 개발 유 경험자
해외여행에 결격사유가 없으신 분",인근 거주자,"지원금/보험:건강검진,각종경조사지원,헬스비지급,자녀학자금
급여제도: 퇴직연금,상여금,장기근속자포상,퇴직급,성과급,직책수당,4대보험
선물:명절선물/귀향비,창립일선물지급,생일선물/파티
교육/생활: 신규입사자교육(OJT),직무능력향상교육,구내식당(사원식당),점심식사제공,음료제공(차,커피)
근무환경: 휴게실,회의실,노트북,콘도/리조트이용권,사무용품지급,최고성능컴퓨터
조직문화: 노조/노사협의회,회식강요안함,야근강요안함,자유복장,자유로운연차사용,칼퇴근보장
출퇴근:야간교통비지급,주차비지원,회사차량있음,주52시간제준수,주40시간제시행
리프레시: 연차,경조휴가제,반차,Refresh휴가,창립일휴무,근로자의날휴무,휴가비지원,육아휴직,남성출산휴가",서류전형 > 면접전형 > 최종합격,사람인 입사지원,사람인 이력서,"서류전형 합격인원에 한해 면접 일시 장소 개별통보 예정
회사에 대한 상세정보는 회사 홈페이지 참조
기타 증빙서류는 합격 후 제출
제출한 서류는 반환되지 않음"
7,7,(주)태영소프트,"VisualC,C++,MFC 개발자 정규직 모집합니다",2024.02.04,"서울 서대문구, 경기 안양시 동안구",무관(신입 포함),학력무관,면접 후 결정,정규직 수습기간 3개월,주 5일(월~금),개발자,,"VisualC, C++, MFC 개발",경력 무관,"C,C++,MFC","지원금/보험: 통신비지원
급여제도: 퇴직금,휴일(특근)수당,4대보험
선물: 명절선물/귀향비
교육/생활: 도서구입비지원,저녁식사제공,음료제공(차,커피)
근무환경:사무용품지급
조직문화:회식강요안함,야근강요안함,자유복장,자유로운연차사용,출산장려
리프레시:연차,여름휴가,반차,창립일휴무,근로자의날휴무,육아휴직",서류전형 > 1차면접 > 2차면접 > 최종합격,사람인 입사지원,사람인 이력서,"입사지원 서류에 허위사실이 발견될 경우, 채용확정 이후라도 채용이 취소될 수 있습니다."
8,8,참엔지니어링(주),"참엔지니어링㈜ 영상처리(Vision)개발 인재 채용(C++,C#)",2024.02.09,경기 용인시 처인구,신입·경력 3년 ↑,대졸(4년제) 이상,면접 후 결정,정규직,09:00~18:00,팀원,,"검사 알고리즘 개발(반복 패턴 내 비정형 형상 검사 / 분류 알고리즘)
Reference패턴 영상 사용한 위치 탐색 및 좌표 변환
Repair 설비의 자동화를 위한 영상 처리
고객사 기술지원",경력 무관,"영상처리 알고리즘(C#) 개발 경험자
영상처리 라이브러리 경험자(OpenCV 등)
해외 근무 가능자","지원금/보험: 건강검진,각종경조사지원,단체상해보험
급여제도: 퇴직연금,인센티브제,장기근속자포상,우수사원포상,휴일(특근)수당,장기근속수당,4대보험
선물: 명절선물/귀향비,창립일선물지급
교육/생활: 구내식당(사원식당),사내동호회 운영,사우회(경조사회),식비지원
근무환경:회의실,사원증,사무용품지급
조직문화:자유복장
출퇴근:기숙사운영,통근버스운행,자율근무제
리프레시:산전후휴가",서류전형 > 면접전형 > 최종합격,사람인 입사지원,사람인 이력서,"입사지원 서류에 허위사실이 발견될 경우, 채용확정 이후라도 채용이 취소될 수 있습니다."
9,9,(주)씨코드,"Linux based 차량용 SW개발자(C/C++) 모집 (신입,경력)",2024.02.29,"경기 용인시 기흥구, 성남시 분당구, 수원시 영통구, 용인시 수지구",무관(신입 포함),"대졸(2,3년제) 이상",면접 후 결정,정규직,"주 5일(월~금)
09:00~18:00","책임연구원,연구원,선임연구원",,Linux 기반 차량용 SW 개발업무,"경력 무관
C/C++를 이용한 개발 업무 진행 가능한 분","전기/전자공학, 컴퓨터/시스템공학, 공학계열
정보처리기사 자격증 보유자
해당 직무 (인턴) 경력 또는 유사 직무 경험이 있으신 분
JNI(Java Native Interface) 또는 NDK(Native Development Kits on Android Base) 개발 가능자 및 경험자
Radio(FM,AM,DAB 등), DMB 등 Broadcasting 관련 개발 경험자
컴퓨터 활용능력 및 기술문서 작성에 어려움이 없는 분","지원금/보험: 건강검진,직원대출제도,각종경조사지원,업무활동비지급,문화생활비,해외여행지원,복지카드/포인트
급여제도: 퇴직연금,인센티브제,장기근속자포상,우수사원포상,퇴직금,야근수당,휴일(특근)수당,직책수당,장기근속수당,4대보험
선물: 명절선물/귀향비,창립일선물지급,결혼기념일선물,도서무제한제공,임신/출산선물,장기근속선물
교육/생활: 창립일행사,우수사원시상식,워크샵,신규입사자교육(OJT),직무능력향상교육,리더십강화교육,도서구입비지원,멘토링제도,교육비지원,자기계발비지원,점심식사제공,사내동호회운영,간식제공,음료제공(차,커피)
근무환경: 휴게실,회의실,공기청정기,노트북,사원증,콘도/리조트이용권,사무용품지급
조직문화: 회식강요안함,야근강요안함,자유복장,자유로운연차사용
출퇴근: 야간교통비지급,탄력근무제,주52시간제준수
리프레시: 연차,여름휴가,경조휴가제,반차,근로자의날휴무,포상휴가,육아휴직,남성출산휴가,보건휴가",서류전형 > 면접전형 > 최종합격,"입사지원,우편지원,방문지원,전화지원",사람인 이력서,"입사지원 서류에 허위사실이 발견될 경우, 채용확정 이후라도 채용이 취소될 수 있습니다."
10,10,(주)맥사이언스,검사장비 소프트웨어(S/W) 개발자 채용,2024.02.10,경기 수원시 영통구,무관(신입 포함),"대졸(2,3년제) 이상",면접 후 결정,정규직 수습기간 3개월,"주 5일(월~금)
09:00~18:00",팀원,,검사 장비 소프트웨어 개발,"경력 무관
VB.net, C#등 사용 가능자
고객사 현장 업무 가능자","WinForm, WPF 경험자
컴퓨터/시스템공학, 공학계열
컴퓨터활용능력 우수, 인근거주가, 해외근무 가능자, 운전가능자","지원금/보험: 건강검진,각종경조사지원,통신비지원,자녀학자금
급여제도: 인센티브제,장기근속자포상,스톡옵션,퇴직금,4대보험
근무환경: 회의실,카페테리아,노트북,사원증,사무용품지급
조직문화: 자유복장
출퇴근: 기숙사운영,회사차량있음",서류전형 > 면접전형 > 최종합격,사람인 입사지원,사람인 이력서,"입사지원 서류에 허위사실이 발견될 경우, 채용확정 이후라도 채용이 취소될 수 있습니다."
11,11,(주)위즈코리아,(주)위즈코리아/(주)위즈COK ‘24년 상반기 신입/경력 사원 모집,2024.02.13,"서울 강서구, 서울, 대구, 광주, 대전, 강원, 아시아 중동 베트남 일본",신입·경력,학력무관,면접 후 결정,정규직,0,0,,"C, C++ 등 C계열 개발
NW 프로그램(서버/클라이언트)","C, C++ 가능자",NW 프로토콜 분석 유경험자,"편의시설,재택근무,생활편의,시차출근제,여가지원,성과보상제도,특별휴가/휴무제도,경조지원,신규입사자주거지원,교육지원,의료지원,법률지원,상해보험지원,기타(청년내일채움공채),기본사항(4대보험)",서류전형 > 면접전형 > 최종합격,사람인 입사지원,"이력서,자기소개서",0
12,12,(주)듀얼아이,임베디드 안드로이즈 개발자,2024.02.02,"서울 금천구, 서울, 경기 광명시, 군포시, 부천시, 안양시",신입·경력 2~15년,"대졸(2,3년제) 이상",면접 후 결정,정규직 수습기간 3개월,"주 5일(월~금)
09:00~18:00",면접 후 결정,,"웹기반 플랫폼에서 임베디드 시스템
보안분야 및 결제분야",임베디드 어플리케이션 개발에 경험이 있는 분,"전기/전자공학, 컴퓨터/시스템공학
인근거주자,운전가능자","지원금/보험: 단체상해보험,본인학자금,자녀학자금
급여제도: 퇴직연금,상여금,장기근속자포상,성과급,야근수당,연차수당,4대보험
선물: 생일선물/파티,장기근속선물
교육/생활: 워크샵,신규입사자교육(OJT),직무능력향상교육,리더십강화교육,도서구입비지원,외국어교육지원,저녁식사제공,사내동호회운영,식비지원
근무환경: 휴게실,회의실,공기청정기,노트북,사원증,사내도서관,사무용품지급
조직문화: 회식강요안함,야근강요안함,자유복장,자유로운연차사용
출퇴근: 기숙사운영,회사차량있음,재택근무,주52시간제준수
리프레시: 연차,경조휴가제,근로자의날휴무,산전후휴가",서류전형 > 1차면접 > 2차면접 > 최종합격,사람인 입사지원,자유양식,"입사지원 서류에 허위사실이 발견될 경우, 채용확정 이후라도 채용이 취소될 수 있습니다.
해당 공고는 수시로 확인하여 면접진행하며, 채용시 사전공지 없이 마감될 수 있습니다."
13,13,(주)베이론텍,C/C#/VC++ 개발자 채용(정규직),2024.02.11,서울 구로구,무관(신입 포함),"대졸(2,3년제) 이상",면접 후 결정,정규직 수습기간 3개월,"주 5일(월~금)
09:00~18:00","대리,과장,사원",,SW개발,"경력 무관
운전가능자","전기/전자공학, 컴퓨터/시스템공학, 기계/자동차/조선공학
정보처리기사
영어가능자, 컴퓨터활용능력 우수, 해당직무 근무경험","지원금/보험: 금연수당,각종경조사지원,헬스비지급,본인학자금,자녀학자금
급여제도: 인센티브제,장기근속자포상,우수사원포상,퇴직금,휴일(특근)수당,연차수당,가족수당,4대보험
선물: 명절선물/귀향비,생일선물/파티
교육/생활: 구내식당(사원식당),점심식사제공,저녁식사제공,사내동호회운영,식비지원,음료제공(차,커피)
근무환경:회의실,노트북,콘도/리조트이용권,사무용품지급
조직문화:자유복장
출퇴근:회사차량있음
리프레시:남성출산휴가",서류전형 > 면접전형 > 최종합격,사람인 입사지원,"사람인 이력서,최종학력증명서","입사지원 서류에 허위사실이 발견될 경우, 채용확정 이후라도 채용이 취소될 수 있습니다."
14,14,(주)아이엠에스나노텍,SW개발자 경력/신입 채용합니다 – 정규직,2024.01.31,서울 구로구,신입·경력 1~3년,대졸(4년제) 이상,면접 후 결정,정규직 수습기간 3개월,"주 5일(월~금)
09:00~18:00",팀원,,"반도체 자동화장비 제어 SW 개발, UI, 영상처리 개발",경력 무관,"컴퓨터/시스템공학
공과계열, 석사",0,서류전형 > 1차면접 > 2차면접 > 최종합격,사람인 입사지원,사람인 이력서,"입사지원 서류에 허위사실이 발견될 경우, 채용확정 이후라도 채용이 취소될 수 있습니다."
15,15,(주)엔클로니,"[신규프로젝트팀] 선행 연구 개발(SW), 비전 장비 개발",상시채용,"서울 전체, 서울 구로구",신입·경력 5년↓,대졸(4년제) 이상,회사내규에 따름,정규직,0,팀원,,"S/W 개발 또는 임베디드
비전영상처라(c++,CUDA 등)
제약 검사 장비 외(영상처리)","경력 무관
비전영상처리(C++, CUDA)","창의적이고 스마트한 열정 소유자
영어역량 비지니스 회화 가능자
대내외 원활한 커뮤니케이션 역량 보유","기업분위기는 제조와 IT가 접목된 분위기이며, 신규프로젝트팀은 사옥 외 별도 사무실에 편안하게 신규개발팀입니다.
사람을 중시 문화이며, 근태, 복장 등 무관합니다.
연봉 수준: 개인역량에 따라 협의(업계최고 대우)
자유로운 연차 사용, 샌드위치 휴가, 리프레시휴가(하계/동계 약 10일간),경조휴가,장기근속자수상,카페테리아운영,생일자 상품권 지급, 명절선물지급 등",서류전형 > 1차면접 > 2차면접 > 최종합격,"사람인 입사지원,점핏에서 지원",0,"3개월의 수습 기간이 있습니다.(수습기간 동일 급여와 복리후생 보장)
포트폴리오 제출 시, 10MB 초과할 경우에는 링크를 기재해주세요.
서류합격자에 한해 연락드립니다.
본 채용은 수시 진행으로 우수 인재 채용 시 마감될 수 있습니다."
16,16,(주)예인시스템,2024년 정규 C# 응용 프로그램 개발자 신입&경력 모집,2024.03.15,서울 구로구,무관(신입 포함),"대졸(2,3년제) 이상",면접 후 결정,정규직 수습기간 3개월,"주 5일(월~금)
09:00~18:00",개발자,,c#응용 프로그램 개발,"경력 무관
안전운전가능자","해당 직무(물류자동화 및 공장자동화) 근무경험
프로그래밍 언어 활용(개발) 경험
안드로이드 개발 경험
인근거주자","지원금/보험: 통신비지원,자녀학자금
급여제도: 인센티브제,퇴직금,휴일(특근)수당,4대보험
선물: 명절선물/귀향비,생일선물/파티
교육/생활: 워크샵,교육비지원,사우회(경조사회)
근무환경: 유니폼지급,노트북,콘도/리조트이용권
조직문화: 자유복장
출퇴근: 주택자금융자
리프레시: 연차,여름휴가,휴가비지원",서류전형 > 면접전형 > 최종합격,사람인 입사지원,자유양식,"입사지원 서류에 허위사실이 발견될 경우, 채용확정 이후라도 채용이 취소될 수 있습니다."
17,17,(주)이지디에스,"자동차 진단기(C#) 프로그램 개발자 채용합니다.(신입,경력)",2024.01.22,서울 송파구,무관(신입 포함),고교졸업 이상,면접 후 결정,정규직 수습기간 3개월,08:30~17:30,"사원,대리",,자동차 전장 검사기 또는 진단기 S/W 개발 및 유지보수,경력 무관,"WPF,C# 프로그램 개발 경험자
컴퓨터/전산학/시스템공학등 공학계열
영어가능자, 해당직무 근무경험
프로그램 개발 관련 경력을 쌓고자 하는 분","지원금/보험: 건강검진
급여제도: 퇴직연금,인센티브제,우수사원포상,퇴직금,4대보험
선물: 명절선물/귀향비,창립일선물지급
교육/생활: 워크샵,저녁식사제공,음료제공(차,커피)
근무환경: 노트북,사무용품지급
조직문화: 자유복장
출퇴근: 주차장제공
리프레시: 연차,경조휴가제,창립일휴무,근로자의날휴무",서류전형 > 1차면접 > 2차면접 > 최종합격,사람인 입사지원,사람인 이력서,"입사지원 서류에 허위사실이 발견될 경우, 채용확정 이후라도 채용이 취소될 수 있습니다."
18,18,(주)힘스,[면접비 지급] 머신 비전 프로그래머 신입 및 경력 모집,2024.02.07,"인천 남동구, 충남 아산시, 천안시",신입·경력(년수 무관),"대졸(2,3년제) 이상",면접 후 결정,정규직 수습기간 3개월,"주 5일(월~금)
09:00~18:00",팀원,,"Vision Algorithm 개발
Vision Image Processing
Vision UI, DLL제작",경력 무관,"C,C++,C# 사용가능자 및 경험자
비전 라이브러리 사용한 개발 역량 보유자
공학계열 졸업자
해당직무 경험 및 인근 거주자
해외 출장 및 출장업무 가능자","지원금/보험: 건강검진,직원대출제도,각종경조사지원,단체상해보험,체력단련실운영,자녀학자금
급여제도: 퇴직연금,인센티브제,상여금,장기근속자포상,우수사원포상,스톡옵션,퇴직금,성과급,야근수당,휴일(특근)수당,직책수당,4대보험
선물: 명절선물/귀향비,창립일선물지급
교육/생활: 창립일행사,워크샵,신규입사자교육(OJT),직무능력향상교육,리더십강화교육,도서구입비지원,외국어교육지원,자격증취득지원,교육비지원,자기계발비지원,구내식당(사원식당),점심식사제공,저녁식사제공,사내동호회운영,사우회(경조사회),아침식사제공,간식제공,음료제공(차,커피),우리사주제도
근무환경: 수유실,휴게실,회의실,공기청정기,카페테리아,전용사옥,건물내경사로,장애인전용주차장,비상경보장치,문턱없음,유니폼지급,노트북,사원증,콘도/리조트이용권,사무용품지급,최고성능컴퓨터
조직문화: 노조/노사협의회,수평적조직문화,회식강요안함,자유복장,자유로운연차사용
출퇴근: 기숙사운영,차량유류비지급,주차장제공,탄력근무제,주52시간제준수
리프레시: 연차,경조휴가제,반차,창립일휴무,근로자의날휴무,산전후휴가,육아휴직,남성출산휴가,보건휴가,휴양시설제공",서류전형 > 인적성검사 > 코딩테스트&면접 > 최종합격,사람인 입사지원,"사람인 이력서,자기소개서","입사지원 서류에 허위사실이 발견될 경우, 채용확정 이후라도 채용이 취소될 수 있습니다."
19,19,(주)씽크소프트,개발자 채용 자동화 물류/반송 설비 PC제어 S/W 개발 신입 경력,2024.01.17,충남 아산시,신입·경력(년수 무관),학력무관,면접 후 결정,정규직 수습기간 3개월,"주 5일(월~금)
유연근무제
09:00~18:00","주임연구원,선임연구원,책임연구원",,"자동화 설비 PC제어 솔루션 개발 및 셋업
패널 반송 로봇 물류, 패널 이송 컨베이어 물류 등","경력 무관
해외출국 결격사유 없는 분
C# 개발자","전기/전자공학, 컴퓨터/시스템공학,공학계열
해당직무 근무경험","지원금/보험: 건강검진
급여제도: 퇴직연금,장기근속자포상,우수사원포상,성과급,야근수당,휴일(특근)수당,4대보험
선물: 생일선물/파티,도서무제한제공
교육/생활: 우수사원시상식,워크샵,신규입사자교육(OJT),직무능력향상교육,리더십강화교육,교육비지원,자기계발비지원,점심식사제공,저녁식사제공,사우회(경조사회),간식제공,음료제공(차,커피),점심시간연장제도
근무환경: 회의실,공기청정기,카페테리아,게임기,전용사옥,노트북
조직문화: 수평적조직문화,회식강요안함,야근안함,자유복장,자유로운연차사용,문화회식
출퇴근: 기숙사운영,주차장제공,회사차량있음,주4.5일
리프레시: 연차,경조휴가제,반차,근로자의날휴무,산전후휴가,육아휴직,남성출산휴가",서류전형 > 면접전형 > 최종합격,사람인 입사지원,"이력서,포트폴리오",0
20,20,(주)보다,"2024년 상반기 S/W, H/W 엔지니어 및 PC관리 모집",상시채용,충북 청주시 흥덕구,무관(신입 포함),학력무관,면접 후 결정,정규직 수습기간 3개월,0,엔지니어,,"S/W UI 및 알고리즘 개발 및 SET_UP
S/W 테스트 및 문제점 개선","경력 무관
국내, 해외 출장 가능자
운전면허 소지자","Python,C++,Java,UI 활용 및 개발 경험자
OA 프로그램 활용 능력 우수자
AI 업무 및 유관 업무 경험자","지원금/보험: 건강검진,의료비지원(가족)
급여제도: 퇴직연금,우수사원포상,퇴직금,성과급,휴일(특근)수당,연차수당,4대보험
선물: 명절선물/귀향비
교육/생활: 워크샵,신규입사자교육(OJT),교육비지원,점심식사제공,음료제공자(차,커피)
근무환경: 회의실,노트북
조직문화: 자유복장
출퇴근: 기숙사운영,주52시간제준수
리프레시: 연차,반차",서류전형 > 면접전형 > 최종합격,사람인 입사지원,사람인 이력서,"입사지원 서류에 허위사실이 발견될 경우, 채용확정 이후라도 채용이 취소될 수 있습니다."
21,21,(주)레이시온,SW개발자 정규직 채용,2024.01.20,경기 오산시 외삼미동,신입·경력,"대졸(2,3년제)이상",면접 후 결정,정규직,주 5일 (월 ~ 금),개발자,,SW 개발자,개발언어 C# 가능자,"WPF 개발 경력자
레이저 제어 경력자
공장 자동화 개발 경력자
모션 제어 경력자
RTC 개발 경력자
비전 프로그래밍 경력자","지원금/보험: 건강검진,의료비지원(본인),직원대출제도,각종경조사지원,헬스비지급,통신비지원
급여제도: 퇴직금,성과급,연차수당,4대보험
선물: 명절선물/귀향비
교육/생활: 워크샵,플레이샵,도서구입비지원,외국어교육지원,자기계발비지원,점심식사제공,간식제공,음료제공(차,커피),가족초청행사
근무환경: 휴게실,회의실,공기청정기,카페테리아,전용사옥,사내정원,스마트기기,노트북,사무용품지급,기숙사제공
조직문화: 회식강요안함,자유복장,자유로운연차사용,출산장려
출퇴근: 주차장제공,회사차량있음,출퇴근교통비지원
리프레시: 연차,여름휴가,경조휴가제,반차,근로자의날휴무,휴가비지원",서류전형 > 면접전형 > 최종합격,사람인 입사지원,"이력서,자기소개서","입사지원 서류에 허위사실이 발견될 경우, 채용확정 이후라도 채용이 취소될 수 있습니다."
22,22,(주)싸이맥스,기술연구소 SW개발팀 채용 (신입/경력),2024.02.03,경기 화성시 동탄면 방교리 848-1,신입·경력 3~15년,학력 무관,면접 후 결정,정규직(수습기간 3개월),"주 5일 (월 ~ 금) 
08:00 ~ 17:00
선택적근로제 운영중",팀원,,"반도체장비 SW개발
반도체장비 FA(SECS/GEM) 개발","메인:C#
기타:C++ 가능자","장비 및 하드웨어 제어 SW개발 경험자
Multi Thread 처리 경험자","지원금/보험: 건강검진,직원대출제도,각종경조사지원,헬스비지급,본인학자금,통신비지원,자녀학자금
교육/생활: 자기계발비지원,구내식당(사원식당),점심식사제공,저녁식사제공,아침식사제공
조직문화: 수평적조직문화,회식강요안함,자유복장
출퇴근: 기숙사운영,전세자금대출
리프레시: 연차,Refresh휴가,근로자의날휴무",서류전형 > AI역량면접(비대면) > 코딩테스트&1차면접 > 2차면접 > 최종합격,사람인 입사지원,사람인 이력서,"입사지원 서류에 허위사실이 발견될 경우, 채용확정 이후라도 채용이 취소될 수 있습니다."
23,23,(주)이엔씨테크놀로지,자동화 설비 S/W(C#) 개발자 모집,2024.01.31,경기 화성시 동탄면 방교리 740-69(도로명:동탄산단 8길 47),무관(신입 포함),"대졸(2,3년제)이상",면접 후 결정,정규직 (수습기간 3개월),"주 5일 (월 ~ 금) 
08:30 ~ 17:30",팀원,,연구소-S/W Group,"경력:무관
-해당직무 근무경험
(팀원급)","컴퓨터/시스템공학
TOEIC 600급(점) 이상","지원금/보험: 건강검진,각종경조사지원,단체상해보험,의료비지원(가족),체력단련실운영
급여제도: 퇴직연금,성과급,4대보험
선물: 명절선물/귀향비,생일선물/파티,결혼기념일선물
교육/생활: 구내식당(사원식당),점심식사제공,우리사주제도
조직문화: 회식강요안함,야근강요안함,자유복장
출퇴근: 기숙사운영,야간교통비지급,주차장제공,회사차량있음
리프레시: 연차,경조휴가제,근로자의날휴무,휴가비지원",서류전형 > 면접전형 > 최종합격,사람인 입사지원,사람인 이력서,"입사지원 서류에 허위사실이 발견될 경우, 채용확정 이후라도 채용이 취소될 수 있습니다."
24,24,(주)네비웍스,윈도우 응용 프로그래머(C++),상시채용,경기 안양시 동안구 부림로 170번길 41-18,신입·경력 15년↓,대졸(4년제)이상(예정자 가능),회사내규에 따름,정규직 (수습기간 3개월),0,프로그래머,,"센서/무장 시뮬레이터 개발
MFC 활용한 GUI SW 개발","학력:대졸이상(4년)
경력:무관(신입도 지원가능)","C, C++, C# 응용SW
TCP/IP, UDP, RS-232, RS-422 통신 모듈
WPF 활용한 GUI SW
모의장비형 CBT
MFC 활용한 GUI SW 개발
센서/무장 시뮬레이터 개발","든든하게 아침을 시작하실 수 있도록 아침 간편식을 제공합니다.
매년 우수사원 시상식을 진행하고 있습니다.(1등은 상금 1천만원 외 포상)
제주도에 원격근무시설을 오픈하여 임직원분들이 가족과 함께 활용 가능합니다.
네비웍스의 임직원분들은 소노호텔/리조트를 할인된 가격으로 이용 가능합니다.
몸과 마음의 건강을 위해 스포츠마사지와 심리상담을 제공합니다.
생일에는 특별휴가를 사용하여 더욱 행복한 생일을 보낼 수 있습니다.
수평적이고 젊은 기업문화를 가지고 있습니다.
필라테스 클래스를 사내에서 무료로 수강하실 수 있습니다.(5월부터 시행)
시간제 연차제도를 통해 자유로운 연차사용을 하실 수 있습니다.(5월부터 시행)",서류전형 > 인적성검사 > 코딩테스트&면접 > 최종합격,"사람인 입사지원,점핏에서 지원",0,"3개월의 수습 기간이 있습니다.(수습기간 동일 급여와 복리후생 보장)
포트폴리오 제출 시, 10MB 초과할 경우에는 링크를 기재해주세요.
서류합격자에 한해 연락드립니다.
본 채용은 수시 진행으로 우수 인재 채용 시 마감될 수 있습니다."
25,25,(주)픽소니어,"응용SW 개발자(C++,C#) -대전",상시채용,대전광역시 유성구 북유성대로 172,신입·경력(년수 무관),대졸(4년제)이상(예정자 가능),면접 후 결정,정규직 (수습기간 3개월),출근:08시 ~ 10시 자유,개발자,,"-응용소프트웨어 개발
-네트워크 통신 소프트웨어 개발
-2D/3D 기반 지도 처리 및 영상처리 소프트웨어 개발","C++, C# 개발자
학사 및 졸업예정자 이상
신입 또는 경력","공학계열
정보처리기사
해당직무 인턴경력, 해당직무 근무경험","지원금/보험: 각종경조사지원,단체상해보험
급여제도: 퇴직연금,장기근속자포상,퇴직금,성과급,4대보험
선물: 명절선물/귀향비,웰컴키트지급,장기근속선물
교육/생활: 워크샵,자격증취득지원,저녁식사제공,사내동호회운영,사우회(경조사회),음료제공(차,커피)
근무환경: 휴게실,회의실,공기청정기,사내정원,건물내경사로,사원증,사무용품지급,최고성능컴퓨터
조직문화: 노조/노사협의회,자유복장,자유로운연차사용
출퇴근: 주차장제공,주40시간제시행
리프레시: 연차,경조휴가제,반차,근로자의날휴무,포상휴가,산전후휴가,육아휴직,남성출산휴가,보건휴가",서류전형 > 면접전형 > 최종합격,사람인 입사지원,사람인 이력서,0
26,26,(주)심네트,"(대전) 개발자 신입/ 경력직 모집 (C/C++, C#)",2024.01.21,대전 유성구 죽동로 157,신입·경력(년수 무관),"대졸(2,3년제)이상(예정자 가능)",면접 후 결정,정규직,주 5일 (월 ~ 금),개발자,,국방관련 소프트웨어 개발,"IT 관련 학과 대학 졸업(2,3년) 이상
(정보처리기사 자격증 보유시 학과 무관)","프로그램 개발 관련 학원 수료
국방 M&S 개발 유경험","지원금/보험: 건강검진,각종경조사지원
급여제도: 퇴직연금,인센티브제,우수사원포상,직책수당,4대보험
선물: 명절선물/귀향비,창립일선물지급,생일선물/파티
교육/생활: 창립일행사,워크샵,도서구입비지원,교육비지원
근무환경: 휴게실,회의실,전용사옥
조직문화: 야근강요안함,자유복장
리프레시: 연차,경조휴가제,반차,근로자의날휴무,포상휴가,산전후휴가,육아휴직,남성출산휴가",서류전형 > 1차면접 > 2차면접 > 최종합격,사람인 입사지원,사람인 이력서,"입사지원 서류에 허위사실이 발견될 경우, 채용확정 이후라도 채용이 취소될 수 있습니다."
27,27,(주) 셀바스에이아이,[셀바스AI] C++ 개발 (검증 자동화 SW) – 신입/경력,2024.01.31,서울 금천구 가산동 670-2,신입·경력 3~10년,대졸(4년제)학사 졸업 이상,면접 후 결정,정규직,"주 5일 (월 ~ 금) 
09:30 ~ 18:30
선택적근로제 사용가능",개발자,,자동차 관련 검증 자동화 SW 개발,"학력:학사 졸업 이상
해외여행에 결격 사유가 없는자","임베디드(Linux OS) 관련 개발 또는 프로젝트를 진행한 경험을 보유하신 분
MFC 개발 경험을 보유하신 분
Android App 개발 경험을 보유하신 분
yocto, cmake 사용이 가능하신 분
Git 사용 경험이 있으신 분
컴퓨터/시스템공학 관련 학위를 보유하신 분","지원금/보험: 건강검진,직원대출제도,각종경조사지원
급여제도: 퇴직연금,인센티브제,장기근속자포상,우수사원포상,휴일(특근)수당,직책수당
교육/생활: 워크샵,신규입사자교육(OJT),직무능력향상교육,리더십강화교육,자격증취득지원,자기계발비지원,구내식당(사원식당),점심식사제공,사내동호회운영
근무환경: 휴게실,카페테리아
출퇴근: 야간교통비지급,주차장제공
리프레시: 연차,반차,Refresh휴가,산전후휴가,육아휴직",서류전형 > 인적성검사 > 코딩테스트&면접 > 최종합격,"사람인 입사지원,홈페이지 지원",자유양식,"입사지원 서류에 허위사실이 발견될 경우, 채용확정 이후라도 채용이 취소될 수 있습니다."
28,28,젬텍(주),Linux 기반 C/C++ 개발 및 운영자 모집,2024.02.12,서울 강남구 테헤란로 322,신입·경력(년수 무관),"대졸(2,3년제)이상",면접 후 결정,정규직 (수습기간 3개월),0,개발 및 운영자,,알림톡/RCS/메시지(SMS/MMS)발송 서버 개발 및 운영,,"Linux 사용 가능자
장기근무 가능자
정보처리기사 소지자
네트워크 및 통신 프로토콜에 대한 기본 지식 보유자",0,서류전형 > 면접전형 > 최종합격,사람인 입사지원,사람인 이력서,0
29,29,퀄리티아(주),[퀄리티아] 신입 및 경력직 C/C++ 개발자 모집,상시채용,서울 강남구 언주로 86기 7,신입·경력 2년 ↑,"대졸(2,3년제)이상",면접 후 결정,정규직 (수습기간 3개월),"주 5일 (월 ~ 금) 
09:00 ~ 18:00",면접 후 결정,,"메일 관련 솔루션, 스팸차단 솔루션, 아카이빙 제품 관련 연구개발","학력:대졸이상(2,3년)
C/C++ 개발소양","네트워크 프로그래밍관련 지식 보유자 및 활용가능 개발자
DBMS(MS-SQL, MySQL, Oracle) 활용 유경험자
윈도우 및 유닉스계열 프로그래밍 유경험자","지원금/보험: 건강검진,직원대출제도,각종경조사지원,단체상해보험,선택적복리후생
급여제도: 퇴직연금,인센티브제,상여금,장기근속자포상,우수사원포상,퇴직금,야근수당,휴일(특근)수당,직책수당,4대보험
선물: 명절선물/귀향비,생일선물/파티
교육/생활: 우수사원시상식,워크샵,플레이샵,도서구입비지원,외국어교육지원,교육비지원,사내동호회운영,음료제공(차,커피)
근무환경: 회의실,공기청정기,콘도/리조트이용권,사무용품지급
조직문화: 회식강요안함,야근강요안함,자유복장
출퇴근: 주차비지원
리프레시: 연차,여름휴가,경조휴가제,반차,근로자의날휴무",서류전형 > 면접전형 > 최종합격,사람인 입사지원,"이력서,포트폴리오","입사지원 서류에 허위사실이 발견될 경우, 채용확정 이후라도 채용이 취소될 수 있습니다."
30,30,(주)소닉스,"기업부설연구소(신입)/ C·C++,C# 정규직 채용",2024.01.28,"서울 성동구 성수이로24길 38
천안 서북구 성환읍 가동길26-22",신입,"대졸(2,3년제)이상(예정자 가능)","연봉 3,100 만원 (주40시간)",정규직 (수습기간 3개월),"주 5일 (월 ~ 금) 
09:00 ~ 18:00",프로그래머,,PC제어 프로그래머,"학력:대졸이상(2,3년)","전기/전자공학, 컴퓨터/시스템공학
TOEIC 600급(점) 이상, JLPT 100급(점) 이상
인근거주자","지원금/보험: 건강검진,단체상해보험
급여제도: 퇴직연금,장기근속자포상,퇴직금,연차수당,4대보험
선물: 명절선물/귀향비
교육/생활: 창립일행사,신규입사자교육(OJT),점심식사제공,저녁식사제공,사내동호회운영
근무환경: 휴게실,회의실,카페테리아,건물내경사로,휠체어용난간,장애인화장실,유니폼지급,노트북
조직문화: 회식강요안함,자유복장
출퇴근: 기숙사운영
리프레시: 연차",서류전형 > 면접전형 > 최종합격,사람인 입사지원,"이력서,졸업증명서,관련자격증서","입사지원 서류에 허위사실이 발견될 경우, 채용확정 이후라도 채용이 취소될 수 있습니다."
31,31,엠케이피(주),2024년 상반기 각 부문 신입/경력 공개채용,2024.01.21,경기 화성시 삼성1로1길 40,신입·경력,"대졸(2,3년제)이상",면접 후 결정,정규직 (수습기간 3개월),"주 5일 (월 ~ 금) 
09:00 ~ 18:00",0,,"회로설계
-디지털 회로설계 및 펌웨어 개발
-아날로그 회로설계
-RS485, CAN, 이더넷 등의 디지털 통신 설계","학력:학사이상
경력:신입
OrCAD 사용가능자","전공:전자,전기공학,제어공학, 반도체 등 관련학과 전공자
OrCAD/C,C++,C# 사용 가능자","지원금/보험: 4대보험,건강검진,각종경조사지원,선택적복리후생
선물: 명절선물/귀향비,임신/출산선물
급여제도: 퇴직연금,인센티브제,장기근속자포상,우수사원포상,퇴직금,성과급,야근수당,휴일(특근)수당,자격증수당
출퇴근: 기숙사운영,주차장제공,회사차량있음
근무환경: 휴게실,회의실,카페테리아,전용사옥,건물내경사로,유도점자블록,장애인화장실,장애인전용주차장,문턱없음,유니폼지급,사무용품지급
조직문화: 노조/노사협의회,회식강요안함,야근강요안함,자유복장
교육/생활: 우수사원시상식,워크샵,교육비지원,신입사원교육(OJT),직무능력향상교육,리더십강화교육,도서구입비지원,자기계발비지원,점심/저녁식사제공,사우회(경조사회),간식제공,식비지원,음료제공(차,커피)
리프레시: 연차,경조휴가제,반차,창립일휴무,근로자의날휴무,포상휴가,산전후휴가,육아휴직,남성출산휴가,보건휴가",서류전형 > 면접전형 > 최종합격,사람인 입사지원,"이력서,자기소개서","입사지원 서류에 허위사실이 발견될 경우, 채용확정 이후라도 채용이 취소될 수 있습니다."
32,32,인텔릭스(주),소프트웨어(S/W) 개발자 모집,2024.03.02,경기 성남시 분당구,신입·경력 15년↓,대졸(4년제)이상(예정자 가능),면접 후 결정,정규직,"주 5일 (월 ~ 금) 
08:30 ~ 17:30 또는
09:00 ~ 18:00",팀원,,GUI 소프트웨어 개발,"C/C++, C#, Java 중 1개 이상 언어 능통
해외여행에 결격사유가 없는자
남자는 병역필 또는 면제",인근 거주자,"지원금/보험: 건강검진,각종경조사지원,헬스비지급,자녀학자금
급여제도: 퇴직연금,상여금,장기근속자포상,퇴직금,성과급,직책수당,4대보험
선물: 명절선물/귀향비,창립일선물지급,생일선물/파티
교육/생활: 신규입사자교육(OJT),직무능력향상교육,구내식당(사원식당),점심식사제공,음료제공(차,커피)
근무환경: 휴게실,회의실,노트북,콘도/리조트이용권,사무용품지급,최고성능컴퓨터
조직문화: 노조/노사협의회,회식강요안함,야근강요안함,자유복장,자유로운연차사용,칼퇴근보장
출퇴근: 야간교통비지급,주차비지원,회사차량있음,주52시간제준수,주40시간제시행
리프레시: 연차,경조휴가제,반차,Refresh휴가,창립일휴무,근로자의날휴무,휴가비지원,육아휴직,남성출산휴가",서류전형 > 면접전형 > 최종합격,사람인 입사지원,사람인 이력서,"서류전형 합격인원에 한해 면접 일시 장소 개별통보 예정 회사에 대한 상세정보는 회사 홈페이지 참조 
기타 증빙서류는 합격 후 제출 
제출한 서류는 반환되지 않음"
33,33,(주)필옵틱스,[비전검사팀] Vision SW Engineer 채용,2024.01.23,경기 오산시 지곶중앙로 1-19,신입·경력 2년 ↑,대졸(4년제)이상,회사내규에 따름,정규직,"주 5일 (월 ~ 금) 
09:00 ~ 18:00",팀원,,"비전검사 S/W 개발
머신 비전 응용 프로그램 개발
영상 처리 응용 프로그램 개발","학력:4년제 이상
경력:신입
VISUAL C++(MFC) 또는 C#","컴퓨터 공학 전공자
MIL 라이브러리, COGNEX 라이브러리
VISION 검사 설비 유경험자
장비업체 근무 경험자","일과삶의균형: 하계휴가,휴양시설,경조사지원,복지포인트,웰빙클럽,통근버스
안정적인생활: 기숙사,주택자금대출지원,명절선물,정기건강검진,사우회,장기출장지원
즐거운일터: 사내식당,사내헬스장,포상제도,동호회,칭찬릴레이,닌텐도게임팩",서류전형 > 면접전형 > 최종합격,사람인 입사지원,"이력서,자기소개서","입사지원 서류에 허위사실이 발견될 경우, 채용확정 이후라도 채용이 취소될 수 있습니다.
채용과정 중에 제출하신 서류에 대한 반환을 청구하실 수 있습니다.
(단, 온라인접수/전자메일로 제출된 경우나, 구인자의 요구없이 자발적으로 제출한 경우 제외)"
34,34,(주)인텔리코리아,"C#, C++, MFC (캐드 CAD/ BIM/ 게임) 개발자",2024.02.07,서울 금천구 가산동 488,신입·경력 2~20년,학력무관(졸업예정자 가능),면접 후 결정,"정규직 (수습기간 1개월)
계약직 (1년 후 정규직 전환가능)","주 5일 (월 ~ 금) 
09:00 ~ 18:00","책임연구원,수석연구원,이사",,"C#, C++ MFC(캐드/BIM/게임) 개발자","학력:무관
경력:신입","컴퓨터/시스템공학,수학/통계학
정보처리기사
영어가능자, 컴퓨터활용능력 우수, CAD/CAM 능숙자
이공계 석박사 졸업자","지원금/보험: 건강검진,자녀학자금
급여제도: 퇴직금,야근수당,휴일(특근)수당,연차수당,4대보험
선물: 명절선물/귀향비
교육/생활: 우수사원시상식,워크샵,신규입사자교육(OJT),도서구입비지원,멘토링제도,구내식당(사원식당),저녁식사제공
근무환경: 휴게실,회의실,공기청정기,카페테리아,전용사옥,사내정원,건물내경사로,휠체어용난간,사무용품지급
조직문화: 회식강요안함,야근강요안함,자유복장
출퇴근: 회사차량있음
리프레시: 연차,여름휴가,경조휴가제,반차,근로자의날휴무,산전후휴가,육아휴직",서류전형 > 면접전형 > 최종합격,"사람인 입사지원,우편지원","이력서,자기소개서","입사지원 서류에 허위사실이 발견될 경우, 채용확정 이후라도 채용이 취소될 수 있습니다."
35,35,(주)코세스,코세스 S/W개발자 모집(머신비젼 설비제어 레이져제어),2024.02.09,경기 부천시 오정구,무관(신입 포함),"대졸(2,3년제)이상(예정자 가능)","연봉 3,500 만원 (주40시간)",정규직 (수습기간 3개월),주 5일 (월 ~ 금) ,"사원,대리,과장",,"머신비전
-반도체 장비 머신 비젼 S/W 개발 및 유지보수
-Vision 알고리즘 개발
설비제어
-반도체 제조설비 제어 개발 및 유지보수
-C++/C# 윈도우 응용프로그램 개발
레이져 제어
-레이져 응용설비 제어 개발 및 유지보수
-C++/C# 윈도우 응용프로그램 개발","학력:초대졸이상(졸업예정자 가능)
경력:신입
해외출장 가능자","컴퓨터 공학 전공자
S/W(C#,C++,MFC)교육 이수한 자
OpenGL 및 컴퓨터 그래픽 프로그래밍 경험자
인근 거주자, 운전 가능자, 해당직무 근무경험","지원금/보험: 건강검진
급여제도: 장기근속자포상,퇴직금,휴일(특근)수당,4대보험
선물: 명절선물/귀향비
교육/생활: 워크샵,신규입사자교육(OJT),직무능력향상교육,리더십강화교육,구내식당(사원식당),점심식사제공,저녁식사제공,사우회(경조사회)
근무환경: 휴게실,회의실,전용사옥,사내정원,장애인화장실,장애인전용주차장,문턱없음,유니폼지급,노트북,사원증,사무용품지급
조직문화: 회식강요안함,야근강요안함,자유복장
출퇴근: 주차장제공
리프레시: 연차,경조휴가제,근로자의날휴무,산전후휴가",서류전형 > 면접전형 > 최종합격,사람인 입사지원,사람인 이력서,"입사지원 서류에 허위사실이 발견될 경우, 채용확정 이후라도 채용이 취소될 수 있습니다."
36,36,(주)에이루트,기술연구소 소프트웨어팀 신입 및 경력사원 모집,2024.01.31,경기 오산시 가장산업동로 28-6,신입·경력(년수 무관),"대졸(2,3년제)이상(예정자 가능)",면접 후 결정,정규직 (수습기간 3개월),"주 5일 (월 ~ 금) 
09:00 ~ 18:00","연구원,선임연구원,주임연구원",,"PC기반 Application Software 개발
Android 및 iOS 기반 App개발","학력:대졸이상(2,3년)
컴퓨터 관련 전공자
C/C++/MFC/C#/Java 중 1개 이상 언어 개발 가능자","Java, C# 등 Application 프로그램 개발 경험자
Cross -Platform 기반 프로그래밍 경험자
Android SDK 최적화 개발 경험자
iOS App 개발 경험자
윈도우 프로그래밍 가능자(윈도우 운영체제 및 win32 API 이해)","지원금/보험: 건강검진,각종경조사지원,체력단련실운영
급여제도: 퇴직연금,인센티브제,장기근속자포상,우수사원포상,퇴직금,4대보험
선물: 명절선물/귀향비,창립일선물지급,생일선물/파티
교육/생활: 우수사원시상식,워크샵,신규입사자교육(OJT),구내식당(사원식당),점심식사제공,저녁식사제공,사내동호회운영,음료제공(차,커피),우리사주제도
근무환경: 휴게실,회의실,카페테리아,전용사옥,사내정원,휠체어용난간,장애인화장실,장애인전용주차장,비상경보장치,사원증,자회사제품할인,콘도/리조트이용권
조직문화: 노조/노사협의회,야근강요안함,자유로운연차사용
출퇴근: 기숙사운영,통근버스운행,주차장제공,회사차량있음,주52시간제준수
리프레시: 연차,여름휴가,경조휴가제,반차,창립일휴무,근로자의날휴무,산전후휴가,육아휴직,휴양시설제공",서류전형 > 면접전형 > 최종합격,사람인 입사지원,사람인 이력서,"입사지원 서류에 허위사실이 발견될 경우, 채용확정 이후라도 채용이 취소될 수 있습니다."
37,37,다산네트웍스,[다산네트웍스] 전장연구소 S/W개발자 모집의 건 (신입/경력),2024.02.29,경기 성남시 분당구 상평동 676번지 다산타워,신입,학력무관(졸업예정자 가능),면접 후 결정,정규직 (수습기간 3개월),"주 5일 (월 ~ 금) 
08:00 ~ 17:00
협의시 유연근무가능",팀원,,"자동차 전장 소프트웨어 개발
Ethernet 소프트웨어 개발","소프트웨어 개발 경험자(C/C++)
임베디드 시스템 개발 경험자","코딩능력마스터 1급, 2급 자격증 보유하신 분
코딩전문가자격시험(COS Pro) 자격증 보유하신 분
CCPK 코딩 자격증 보유하신 분","지원큼/보험: 건강검진,각종경조사지원
급여제도: 장기근속자포상,퇴직금,4대보험",서류전형 > 1차면접 > 2차면접 > 최종합격,사람인 입사지원,"이력서,자기소개서","입사지원 서류에 허위사실이 발견될 경우, 채용확정 이후라도 채용이 취소될 수 있습니다.
신입 채용의 경우 실무 면접 시 지필시험이 진행될 수 있습니다."
38,38,(주)쎄크,PC 제어(시스템제어팀),상시채용,경기도 수원시 권선구 산업로 155번길 111,신입·경력 10년↓,"대졸(2,3년제)이상",회사 내규에 따름,정규직 (수습기간 6개월),"주 5일 (월 ~ 금) 
08:30 ~ 17:30",팀원,,"비전 및 검사시스템 개발(외관검사 알고리즘, 영상처리)","학력:대졸이상(2,3년)
C++, C# 중 한가지 언어로 프로그래밍이 가능한 사람
영상처리 활용능력 보유","C언어 및 임베디드 CPU 활용이 가능하신 분
C++,MFC 활용이 가능하신 분
검사/자동화 장비 제어업무 경험이 있으신 분","지원금/보험: 건강검진,금연수당,직원대출제도,각종경조사지원,체력단련실운영,업무활동비지급
급여제도: 장기근속자포상,우수사원포상,퇴직금,4대보험
선물:명절선물/귀향비,창립일선물지급,생일선물/파티,결혼기념일선물
교육/생활: 창립일행사,우수사원시상식,워크샵,플레이샵,신입사원교육(OJT),직무능력향상교육,외국어교육지원,교육비지원,구내식당(사원식당),점심시간제공,저녁식사제공,사내동호회운영,사우회(경조사회),아침식사제공,음료제공(차,커피)
근무환경: 회의실,전용사옥,사내정원,건물내경사로,유도점자블록,장애인엘리베이터,문턱없음,유니폼지급,사무용품지급
조직문화: 자유복장
출퇴근: 기숙사운영
리프레시: 연차,창립일휴무,산전후휴가,육아휴직",0,"사람인 입사지원,점핏에서 지원",0,0
39,39,(주)지비티코리아,MCU/펌웨어/임베디드/C/C++ 신입사원 채용,2024.01.31,경기 군포시 당정로 90,신입,"대졸(2,3년제)이상(예정자 가능)",면접 후 결정,정규직 (수습기간 3개월),"주 5일 (월 ~ 금) 
09:00 ~ 18:00","선임연구원,책임연구원,수석연구원",,"회로 및 전장 설계
펌웨어 설계
-구동부제어
-모터 제어 관련 펌웨어 개발",대학졸업 이상(졸업예정자 가능),"C/C++/펌웨어/임베디드/MCU 유관 경험자
PCB Artwork
마이크로프로세서 경험자(AVR 등)","지원금/보험: 건강검진,각종경조사지원
급여제도: 퇴직연금,상여금,장기근속자포상,장기근속수당,4대보험
선물: 명절선물/귀향비
교육/생활: 워크샵,신규입사자교육(OJT),도서구입비지원,교육비지원,점심식사제공,저녁식사제공,음료제공(차,커피)
근무환경: 회의실,카페테리아,유니폼지급
조직문화: 자유복장
리프레시: 연차,여르뮿가,반차,근로자의날휴무",서류전형 > 1차면접 > 2차면접 > 최종합격,사람인 입사지원,"이력서,자기소개서,졸업증명서,성적증명서,자격증 사본",0
40,40,스냅태그(주),[스냅태그 연구소]Invisible Watermark C++ 개발자 모집,상시채용,경기도 성남시 분당구 황새울로 359번길 경림빌딩 7,무관(신입 포함),"대졸(2,3년제)이상",면접 후 결정,정규직 (수습기간 3개월),"주 5일 (월 ~ 금) 
출근08:00 ~ 10:00
퇴근:17:00 ~ 19:00",팀원,,"인비지블 워터마크의 비가시성 및 인식률을 향상시키는 연구
워터마크 생성, 인식 시간 단축 및 메모리 최적화 연구
OS별 실행파일, 라이브러리 빌드 및 배포","학력:4년제 대학 졸업
C++ 가능한자","이미지 프로세싱 경험
이미지의 주파수 영역에 대해 알고 있는 사람
라이브러리를 제작해본 경험이 있는 사람
Ios, Android 환경에서 C++을 사용해본 경험
OpenCV를 다루어본 경험","지원금/보험: 통신비지원,복지카드/포인트
급여제도: 퇴직금,연차수당
선물: 명절선물/귀향비,웰컴키트지급
교육/생활: 점심시간제공,간식제공,음료제공(차,커피)
조직문화: 자유로운 연차사용",서류전형 > 1차면접 > 2차면접 > 최종합격,사람인 입사지원,사람인 이력서,0
41,41,(주)그린텍시스템,제어프로그램 개발자(C·C++&C# 외 1개 부문) 채용,2024.01.31,경기 수원시 권선구,신입·경력 3년 ↑,대졸(4년제) 이상(예정자 가능),"연봉 3,500만원(주 40시간)",정규직 수습기간 3개월,08:00~17:00,"연구원,주임연구원,선임연구원",,제어프로그램(PC프로그램) 개발,0,"전기/전자공학, 컴퓨터/시스템공학,공학계열 해당직무 근무경험","지원금/보험: 건강검진,의료비지원(본인),직원대출제도,각종경조사지원,선택적복리후생
급여제도: 퇴직연금,인센티브제,휴일(특근)수당,연차수당,4대보험
선물: 명절선물/귀향비,생일선물/파티
교육/생활: 우수사원시상식,워크샵,도서구입비지원,멘토링제도,교육비지원,자기계발비지원,점심식사제공,저녁식사제공,음료제공(차,커피)
근무환경: 회의실,카페테리아,전용사옥,노트북,사무용품지급
조직문화: 자유복장
출퇴근: 기숙사운영,차량유류비지급,야간교통비지급,주차장제공,주차비지원,회사차량있음
리프레시: 연차,여름휴가,경조휴가제,근로자의날휴무,휴가비지원,포상휴가,휴양시설제공",서류전형 > 면접전형 > 최종합격,사람인 입사지원,"이력서,포트폴리오,인적성검사서","입사지원 서류에 허위사실이 발견될 경우, 채용확정 이후라도 채용이 취소될 수 있습니다."
42,42,봄텍전자주식회사,기술연구소 연구원 모집,2024.02.15,서울 강서구,무관(신입 포함),대졸(4년제) 이상,면접 후 결정,"정규직,계약직",주 5일(월~금) 09:00~18:00,면접 후 결정,,기술연구소 연구원,0,"전기/전자공학, 컴퓨터/시스템공학,공학계열
해당직무 근무경험
영상처리 개발 경력자 우대
SW: 앱개발(Android,iOS등)IT 개발 경력자
PC Program 개발 경력자
C++,Image processing, 영상처리 경력자","급여제도: 퇴직연금,4대보험
선물: 명절선물/귀향비
교육/생활: 워크샵,직무능력향상교육,음료제공(차,커피)
조직문화: 회식강요안함,야근강요안함,자유복장
리프레시: 연차,경조휴가제,반차,근로자의날휴무,산전후휴가",서류전형 > 면접전형 > 최종합격,사람인 입사지원,사람인 이력서,"입사지원 서류에 허위사실이 발견될 경우, 채용확정 이후라도 채용이 취소될 수 있습니다."
43,43,(주)아울시스템즈,보안 S/W개발 (C/C++/C#) 경력직 채용,2024.01.28,서울 영등포구,경력(년수무관),고교졸업 이상,면접 후 결정,정규직 수습기간 3개월,주 5일(월~금) 09:00~18:00,"선임연구원,주임연구원/팀원",,"Linux/Unix 기반 자사 솔루션 개발 및 유지관리
자사솔루션 커널 개발 및 유지관리",0,"IT 관련 전공
동일 업종/직무(IT/정보보호) 경험자
정보처리 및 정보보안 관련 자격 소지자
컴퓨터활용능력 우수
인근거주자
해당직무 인턴경력","지원금/보험: 각종경조사지원
급여제도: 퇴직금,4대보험
선물: 명절선물/귀향비,생일선물/파티,장기근속선물
교육/생활: 식비지원,음료제공(차,커피)
근무환경: 휴게실,노트북,사원증,안마실/안마의자
조직문화: 야근강요안함,자유로운연차사용
리프레시: 연차,반차,근로자의날휴무",서류전형 > 면접전형 > 최종합격,사람인 입사지원,사람인 이력서,0
44,44,(주)컴트루테크놀로지,[AI 인공지능/정보보안] 개발자 부문 – C/C++(취업축하금 지급),2024.01.18,서울 마포구,신입·경력 1년 ↑,대졸(4년제) 이상(예정자 가능),"연봉 3,300만원(주 40시간)","정규직,인턴직",주 5일(월~금) 09:00~18:00,면접 후 결정,,"Linux 기반 환경에서 C/C++을 이용한 솔루션 개발
실시간 네트워크 패킷 분석 및 처리 기능 개발","C/C++ 개발 경험
Linux,Unix 다뤄본 경험
script 언어 사용 경험","Go 언어 경험
TCP/IP 스택을 알고 계신분
테스트 코드 작성의 필요성을 알고 계신 분
문제를 스스로 정의하고 해결할 수 있는 능력을 갖추신 분","지원금/보험: 건강검진,각종경조사지원
급여제도: 퇴직연금,인센티브제,장기근속자포상,우수사원포상,스톡옵션,퇴직금,4대보험
선물: 명절선물/귀향비
교육/생활: 워크샵,신규입사자교육(OJT),자격증취득지원,자기계발비지원,구내식당(사원식당),저녁식사제공,음료제공(차,커피)
근무환경: 카페테리아,노트북
조직문화: 회식강요안함
출퇴근: 회사차량있음
리프레시: 연차,여름휴가,반차,근로자의날휴무",서류전형 > 1차면접 > 2차면접 > 최종합격,사람인 입사지원,"이력서,자기소개서","입사지원 서류에 허위사실이 반견될 경우, 채용 확정 이후라도 채용이 취소될 수 있으며 위조 문서는 법적 책임을 지게 될 수 있습니다.
채용공고 내용과 무관하게 지속적으로 지원하는 분들은 온라인 실업인정을 위한 허위/ 형식적 구직활동 등 부정행위로 가늠하여 해당 사이트를 통해 제재 조치를 할 수 있습니다."
45,45,(주)지에스,소프트웨어 개발,상시채용,경기 용인시 기흥구,무관(신입 포함),학력무관,면접 후 결정,정규직 수습기간 3개월,주 5일(월~금) 09:00~18:00,개발자,,Cortex M/H계열 MCU기반 Firmware 개발,"공인어학성적 소지자
프로그래밍 언어 가능","전자/전산/컴퓨터 전공자 우대
Micro-processor Firmware 가능자","복리후생(인센티브/경조금지원)
선물(명절선물)
교육(직무향상교육/어학교육지원)
편의(기숙사지원/체력단련지원)",서류전형 > 면접전형 > 최종합격,사람인 입사지원,사람인 이력서,"향후 지원사항이 허위로 판명될 경우, 입사(합격)을 취소할 수 있음
취업보호 대상자 및 장애인은 관계 법령에 의거하여 우대
해외여행에 결격 사유가 없는 자
채용탈락 시, 모집완료 후 14일 이내 제출된 모든 서류는 파기 처분함"
46,46,(주)빅앤딥,"응용소프트웨어, M&S, 인공지능, 임베디드 등 개발자 채용",2024.02.15,서울 송파구,신입·경력(년수 무관),대졸(4년제) 이상(예정자 가능),"초봉 3,600만원~",정규직 수습기간 3개월,주 5일 09:30~18:30,개발자,,응용소프트웨어 개발,"C++ 활용 가능, 능동적",관련학과 전공자,0,서류전형 > 면접전형 > 최종합격,"사람인 입사지원,홈페이지 지원,우편지원,전화지원",자유양식,0
47,47,(주)포딕스시스템,"응용 소프트웨어 개발자(MFC,C++) 모집",2024.02.15,서울 구로구,경력 5년↑,학력무관,면접 후 결정,정규직 수습기간 3개월,주 5일(월~금) 09:00~18:00,면접 후 결정/팀원,,"당사 솔루션 개발, 응용소프트웨어 개발",0,"Visual C++(MFC,Win API)개발 경력 10년 이상
Windows→Linux 포팅 경험자
영상관제/영상분석 SW 개발 경험자
영상 보안 장치 개발 경력 우대
Video Encoding/ Decoding 개발 경력 우대
Video Streaming 개발 경력 우대
전자/정보통신/컴퓨터공학 관련 계열 또는 자격증 보유자
인공지능/딥러닝 개발 경력(Tensorflow/Python/CNN/DNN/etc)
OS:Linux,Windows","급여제도: 인센티브제,4대보험
선물: 명절선물/귀향비
교육/생활: 워크샵,플레이샵,신규입사자교육(OJT),직무능력향상교육,구내식당(사원식당),식비지원,음료제공(차,커피)
근무환경: 카페테리아
조직문화: 자유복장
리프레시: 연차,여름휴가",서류전형 > 면접전형 > 최종합격,사람인 입사지원,사람인 이력서,"입사지원 서류에 허위사실이 발견될 경우, 채용확정 이후라도 채용이 취소될 수 있습니다."
48,48,(주)이지로보틱스,(주)이지로보틱스 연구소 신입사원 채용,2024.02.04,경기 수원시,신입,대졸(4년제) 이상(예정자 가능),"연봉 4,700만원",정규직 수습기간 3개월,09:00~18:00,"연구원,주임연구원,선임연구원",,Windows 응용 SW 개발,0,"관련학과 전공자
개발 가능자","사내멘토링제도,근무시간선택제도,추가적전직원상해보험,식사무상제공,종합건강검진추가지원,대체휴가제도및연차수당,주택자금대출제도,각종동호회지원,휴양리조트운영,자녀학비지원,생일자,결혼기념일축하금,다과무한제공,독감접종비지원,우수사원및장기근속자포상,각종경조사지원",서류전형 > 면접전형 > 최종합격,사람인 입사지원,"자사양식 입사지원서,최종학교성적증명서/졸업증명서, 자격증사본,어학증명서사본","지원서에 지원분야와 희망연봉을 반드시 표기해 주셔야 합니다.
제출 서류가 누락될 경우 서류 심사에서 제외될 수 있습니다.
입사지원서의 내용이 사실과 다를 경우, 합격이 취소될 수 있으니 유의하여 주시기 바랍니다."
49,49,(주)마이띵스,[정규/신입·경력] C/C++ 소프트웨어 개발자 모집,,서울 마포구,신입·경력 5년↓,"대졸(2,3년제) 이상(예정자 가능)",면접 후 결정,정규직 수습기간 3개월,주 5일(월~금) 09:00~18:00,개발자,,"Desktop Application 개발
IoT 제품 펌웨어 개발 및 유지보수","C/C++ 프로그래밍 역량
새로운 기술 도입에 거부감 없고 관심 많은 분
해외여행 결격사유 없으신분","다양한 운영체제에서의 개발 경험(Linux,MacOS,Windows)
Qt framework 사용 경험(QML)
네트워크,멀티쓰레드 프로그래밍 개발 경험
아두이노, 라즈베리파이 등 임베디드 개발 경험
CCTV,NVR,VMS 관련 프로그램 개발 경험
GIS 관련 프로그램 개발 경험
Git,JIRA 등 형상관리 시스템 사용경험
컴퓨터공학 계열 전공자
-해당직무 근무경험,Git,JIRA등 형상관리 시스템 사용 경험","지원금/보험: 각종경조사지원
급여제도: 인센티브제,상여금,우수사원포상,퇴직금,야근수당,휴일(특근)수당,4대보험
선물: 명절선물/귀향비,생일선물/파티,웰컴키트지급
교육/생활: 직무능력향상교육,간식제공
근무환경: 회의실
조직문화: 회식강요안함,야근강요안함,자유복장,자유로운연차사용
출퇴근: 탄력근무제,재택근무",서류전형 > 1차면접 > 2차면접 > 최종합격,사람인 입사지원,사람인 이력서,"입사지원 서류에 허위사실이 발견될 경우, 채용확정 이후라도 채용이 취소될 수 있습니다."
50,50,(주)지엔텔,(주)지엔텔  ‘24년 검증 부문(개발 Part) 신입 및 경력사원 채용,,인천 서구,신입·경력 2년 ↑,"대졸(2,3년제) 이상",면접 후 결정,정규직 수습기간 3개월,0,개발자,,Connected Car NAD Progocol 개발분석,"전기,전자,통신 관련 학과 전공자",모바일 또는 차량용 제폼 모뎀 SW 개발,"지원금/보험: 건강검진,의료비지원(본인),각종경조사지원,의료비지원(가족),복지카드/포인트,자녀학자금
급여제도: 퇴직연금,장기근속자포상,우수사원포상,퇴직금,성과급,야근수당,휴일(특근)수당,직책수당,4대보험
교육/생활: 우수사원시상식,신규입사자교육(OJT),직무능력향상교육,리더십강화교육,도서구입비지원,사내동호회운영,사우회(경조사회),식비지원,음료제공(차,커피),우리사주제도
근무환경: 수유실,회의실,장애인화장실,장애인전용주차장,문턱없음,노트북,사원증,콘도/리조트이용권,사무용품지급
조직문화: 노조/노사협의회,자유복장,자유로운연차사용,출산장려
출퇴근: 주 52시간제 준수
리프레시: 연차,여름휴가,경조휴가제,반차,Refresh휴가,창립일휴무,근로자의날휴무,포상휴가,산전후휴가,육아휴직,남성출산휴가,휴양시설제공",서류전형 > 인적성검사 > 1차면접 > 2차면접 > 최종합격,사람인 입사지원,자사양식,"수습기간 3개월을 부여합니다.[급여 100% 지급]
국가보훈대상자 및 장애인은 관련 법령에 의거 우대합니다.
회사정보 및 복리후생제도는 (주)지엔텔 홈페이지를 참조하시기 바랍니다.
입사지원서에 기재된 내용이 사실과 다를 경우 채용이 취소될 수 있습니다.
입사지원서는 당사 양식으로 제출한 경우 서류전형 시 우대합니다."
51,51,(주)삼원테크,기술연구소 S/W,,경기 부천시,신입,대졸이상(졸업예정자 가능),면접 후 결정,정규직,주 5일(월~금),"사원,대리",,소프트웨어 개발,C++/C#/QT개발가능자,"임베디드 리눅스 기반 개발 경험자
비흡연자","연금/보험: 국민연금,고용보험,산재보험,건강보험
휴무/휴가/행사: 주5일제,정기휴가,경조휴가
보상/수당/지원: 퇴직금,경조금,인센티브,자녀교육비,장기근속포상,우수사원포상제도
사내시설: 기숙사지원
편의/여가/건강: 건강검진,점심식사지원",서류전형 > 면접전형 > 최종합격,잡코리아 입사지원,"이력서,자기소개서,고교생활기록부,졸업증명서,최종학력증명서, 포트폴리오,인적성검사서","지원서 마감후 1차(서류) 합격자에 한하여 개별연락
제출된 서류는 일체 반환하지 않습니다.
국가 유공자는 관련법에 의거하여 우대
마감은 채용진행에 따라 조기마감될 수도 연장될 수도 있습니다."
52,52,(주)앤에이치씨,소프트웨어개발 엔지니어 채용,,인천 연수구,신입·경력,초대졸이상,면접 후 결정,정규직 수습기간 3개월,주 5일(월~금) 09:00~18:00,면접 후 결정,,"장비 시스템 소프트웨어 개발
Library, GUI 개발
머신비젼 및 UI설계 구현","계획성,성취지향성,적응성,성장지향성 등","전산학/컴퓨터공학,응용소프트웨어공학,정보/통신공학 전공자","연금/보험: 국민연금,고용보험,산재보험,건강보험
휴무/휴가/행사: 경조휴가
보상/수당/지원: 퇴직금,회식비지원
편의/여가/건강: 점심식사지원,저녁식사지원",서류전형 > 면접전형 > 최종합격,잡코리아 입사지원,잡코리아 이력서,허위사실이 발견될 경우 채용이 취소될 수 있습니다.
53,53,태하메카트로닉스(주),리눅스 어플리케이션 개발부문 신입/경력 직원 모집,,경기 안양시,신입·경력,초대졸이상(졸업예정자 가능),회사내규에 따름,정규직 수습기간 3개월,주 5일(월~금) 09:00~17:00,개발자,,"리눅스 어플리케이션 개발
이미지 프로세싱/머신러닝","C,C++프로그램 가능자","C,C++ 프로그램 가능자
연구소 소속 - 전문연구요원 근무 가능","연금/보험: 국민연금,고용보험,산재보험,건강보험
보상/수당/지원: 퇴직금",서류전형 > 1차면접 > 2차면접 > 최종합격,잡코리아 입사지원,"이력서,포트폴리오",허위사실이 발견될 경우 채용이 취소될 수 있습니다.
54,54,(주)펨트론,SW그룹 AOI팀 AOI-3파트(SW),,서울시 금천구,신입·경력 2년 ↑,대졸이상(졸업예정자 가능),회사내규에 따름,정규직,주 5일(월~금) 09:00~18:00,사원/팀원,,"응용프로그램/소프트웨어 개발
영상처리 개발",C# Winform/C++,"컴퓨터/시스템공학
운전 가능자","급여제도: 장기근속자포상,우수사원포상,상여금지급
수당제도: 야근수당,휴일(특근)수당,연/월차수당
지원금: 장기근속자직원대출,각종경조사지원,유료건강검진지원
식사: 조식무료제공(회사주변카페),점심/저녁식사무료제공(구내식당),음료제공(차,커피)
선택적복지제도: 복지포인트지원
교육/훈련: 신입사원교육(OJT),직무교육지원,도서구입비지원",서류전형 > 1차면접 > 2차면접 > 최종합격,잡코리아 입사지원,"이력서,자기소개서",0
55,55,에이엠텔레콤(주),SW Application 개발 신입/경력 채용 모집,,경기 과천시,신입·경력 1년 ↑,대졸이상(졸업예정자 가능),회사내규에 따름,정규직,주 5일(월~금) 09:00~18:00,개발자,,SW Application 개발,0,"OS 경험:Linux,Android,RTOS,Windows 등
컴퓨터공학,정보통신공학,전자공학 전공자 우대","연금/보험: 국민연금,고용보험,산재보험,건강보험
휴무/휴가/행사: 주5일제,연차제도,월차제도,경조휴가,출산휴가,육아휴직,남성출산휴가,노동절휴무
보상/수당/지원: 인센티브,사내대출,장기근속포상,명절선물/명절상여,야간교통비지급,휴가비,우리사주제도,복리후생지원
편의/여가/건강: 사내동호회,점심식사지원,휴양시설",서류전형 > 1차면접 > 2차면접 > 최종합격,잡코리아 입사지원,잡코리아 이력서,허위사실이 발견될 경우 채용이 취소될 수 있습니다.
56,56,(주)젬백스링크,[코스닥상장] Linux C/C++ 메시징솔루션개발 신입/경력 개발자 모집,,서울 영등포구,신입·경력 2년 ↑,초대졸이상,회사내규에 따름,정규직 수습기간 3개월,주 5일(월~금) 09:30~18:30,팀원,,Unix/Linux C/C++ 서버 개발,Unix/Linux C/C++ 기반 실무 경험자,"메시징 솔루션 서버개발 경험자
이동통신사 개발 경험자
Open Source 경험자 및 Core Network 시스템 개발 경험자
DBMS 관련 경험자
새로운 기술에 대해 관심이 많고, 자기개발을 위해 노력하시는 분","연금/보험: 국민연금,고용보험,산재보험,건강보험,퇴직연금
휴무/휴가/행사: 주5일제,연차제도,경조휴가,반차제도,출산휴가,육아휴직,남성출산휴가,창립일행사,워크샵/MT,체육대회,야유횜
보상/수당/지원: 퇴직금,경조금,정기보너스,자녀교육비,사내대출,장기근속포상,우수사원포상제도,가족의료비지원,임직원교육비,자기개발지원,장기근속수당,명절선물/명절상여,주차지원,야간교통비지급,도서구입비지원,임직원할인
사내제도/성장: 신입사원교육,직무능력향상교육,리더쉽강화교육
사내시설: 휴식공간,카페테리아,사내도서관,사내정원,주차장,흡연공간
편의/여가/건강: 사내동호회,건강검진,저녁식사지원,아침식사지원,휴양시설",서류전형 > 1차면접 > 2차면접 > 최종합격,잡코리아 입사지원,잡코리아 이력서,허위사실이 발견될 경우 채용이 취소될 수 있습니다.
57,57,에스넷아이씨티(주),[기술연구소] 5G 시스템 개발자 모집,,경기 성남시,신입·경력,학력무관,회사내규에 따름,정규직 수습기간 3개월,주 5일(월~금) 09:00~18:00,사원/팀원,,"이동통신(LTE,5G,WiFi) 시스템 개발
FPGA 프로그램 연구/ 개발
ETRI 국책과제 수행 및 제품개발 프로젝트 지원","C/C++프로그래밍 경험자,Linux 사용자","영어능력 우수자
동종업계 경력자 및 관련학과 졸업자
커뮤니케이션 능력 및 끈기","연금/보험: 국민연금,고용보험,산재보험,건강보험,퇴직연금
휴무/휴가/행사: 주5일제,정기휴가,포상휴가,출산휴가,창립일휴무,워크샵/MT,주말휴무
보상/수당/지원: 퇴직금,경조금,자격증수당,도서구입비지원,성과급,복리후생지원,회식비지원
사내시설: 쾌적한업무공간",서류전형 > 1차면접 > 2차면접 > 임원면접 > 최종합격,잡코리아 입사지원,잡코리아 이력서,허위사실이 발견될 경우 채용이 취소될 수 있습니다.
58,58,포인트아이(주),[신입/경력] 이동통신 사업자 ICT 시스템 개발,,서울시 강남구,신입·경력,초대졸이상(졸업예정자 가능),"연봉 3,500만원 이상",정규직,주 5일(월~금) 09:00~18:00,사원/팀원,,ICT 서비스 시스템 개발,"Linux시스템 활용 가능
네트워크에 대한 전반적인 이해","관련 자격증 보유
ICT 유관업무 경력자
자격증:정보처리기사 및 SCJP 등
전산학/컴퓨터공학,응용소프트웨어공학,정보/통신공학 등 IT관련","연금/보험: 국민연금,고용보험,산재보험,건강보험,퇴직연금
휴무/휴가/행사: 주5일제,연차제도,경조휴가,반차제도,위로휴가,리프레시휴가,출산휴가,생일휴가,노동절휴무,창립기념일휴무,법정근로휴무
보상/수당/지원: 경조금,야간근로수당,휴일근로수당,특허등록포상,우수사원포상,야간교통지원,국내/외출장지원,프로젝트경비지원,명절선물,리프레시휴가지원
사내제도/성장: 주40시간
편의/여가/건강: 건강검진-2년(40세미만)/1회,저녁식사지원,리조트제휴
교육: 법정의무교육,직무관련교육,도서구입지원,온라인교육지원,워크샵",서류전형 > 1차면접 > 2차면접 > 최종합격,잡코리아 입사지원,"이력서,포트폴리오",0
59,59,BIMPeers,[신입] SW개발 엔지니어 채용,,서울시 서초구,신입,대졸이상(졸업예정자 가능),면접 후 결정,정규직 수습기간 3개월,주 5일(월~금) 09:00~18:00,사원,,Window기반 응용프로그램 개발,객체지향 프로그래밍 이해,"컴퓨터/시스템공학, 건축/건설관련 학과
정보처리관련 자격증
배움에 대한 열정이 있고 함께 성장해 나갈 수 있는 분
적극적, 긍정적 협업 마인드 있는 분","매월 도서,운동,병원,공연등 자기계발비 제공
업무에 필요한 프로그래밍 전공 서적 제공
매월 마지막주 금요일 오전근무
자율연차사용 및 자율복장
생일 선물 제공",서류전형 > 면접전형 > 최종합격,잡코리아 입사지원,"이력서,포트폴리오","입사지원 서류에 허위사실이 발견될 경우, 채용확정 이후라도 채용이 취소될 수 있습니다."
60,60,(주)로엔,2024 로엔 신입/경력사원모집,,경기 일산,신입·경력,학력무관,"연봉 3,500만원",정규직 수습기간 3개월,주 5일(월~금) 09:00~,엔지니어,,FA시스템 엔지니어링,88년 이후 출생자/해외여행에 결격사유 없는 자,"전기/전자공학, 컴퓨터/시스템공학 등 공학계열
프로그래밍언어 가능자(C,C#,C++의 이해 및 구현)
PLC프로그래밍 및 3D 운용 가능자(솔리드윅스 등)
영어가능자","매년우수사원포상,PJ별인센티브지급,차량지원or차량지원금지급,출산지원금지급,근속포상금및해외여행지원,가족외식비지급,명절상여및여름휴가비지급,퇴직연금및4대보험",서류전형 > 1차면접 > 2차면접 > 최종합격,잡코리아 입사지원,잡코리아 이력서,"입사지원 서류에 허위사실이 발견될 경우, 채용확정 이후라도 채용이 취소될 수 있습니다."
